RMSE,MAE,R2,MAPE_%,sMAPE_%,WAPE_%
2058385.9430938794,160302.3899641866,0.0163895702478426,130073587560.54831,105.24271527347923,90.37541904591696
1820183.2727001072,127175.64418157731,0.3000178852964872,121067873411.06808,105.45891063636215,83.24834863135538
2032350.6827956298,158117.45682880457,0.03365264886720398,150863406101.8554,105.01300117130208,89.37590095640769
2129899.161975975,165457.23553797108,0.15873881349081193,121153249829.43784,104.98231600104293,88.49409203512762
1737433.9285423907,133690.91446594414,0.19308974144034902,234255367098.9417,103.62088097744481,85.98325963981662
2594224.006982596,169014.96066913914,-0.3324016826884676,447201190338.0715,104.78153776361451,96.7831457121269
2055323.0051793999,159721.76494540117,-0.23087316621892753,153982845269.1698,104.60884842508753,93.42271050874061
1934917.289270503,159004.70816240838,-0.05756033157134349,249025114907.82477,105.16168744882793,92.24767369996668
1616784.3889442037,133618.71773263137,0.21532398749433537,127295023334.552,104.93707808579093,85.57334147175706
1091556.4135844395,121163.89641848624,0.3248520742511888,447038324985.2226,104.61922620387779,83.0723420948649
1071920.596034831,121144.41817414926,0.25729209183690754,113883417758.55862,104.69469787418956,85.05865271740227
1536475.3424458662,125804.09676496097,0.24818814014315438,151168837188.32245,104.62129669061562,87.7421120786074
2576862.178039547,176473.32332744455,-0.024947541030501952,95686932204.85791,104.0301831079423,93.28803743769019
1694281.301358025,131410.8855256352,0.149194888855235,227912116425.53333,104.74624093308604,86.34171228957165
2632249.899856426,184125.79188001802,0.08277715873008701,32793215880.710667,104.6278421841872,92.1986940220535
2481995.004680616,167510.51837870927,-0.12073179392904429,389117796551.1049,105.93509512731345,95.26601413029671
2327815.082734146,164514.23617152259,-0.5847574413600654,284736297741.5201,106.0249965750831,99.83194530960702
1562995.8442058614,119531.16104343967,0.12731823379358223,266284998853.87723,105.69407504502742,89.06333741998702
1694589.2938661613,145656.25037270127,0.21147786094255697,233151436063.04712,104.32636269852884,86.8991130244203
2360211.094948913,157988.510037178,-0.18593261726029126,177366771766.3618,104.8525869048397,95.20652750537188
2735448.6651543304,181637.59676334966,-0.2167835616109491,273523376678.4848,105.19645896655383,96.89523645936751
1911888.746208535,118668.46708048417,-0.4139680994856132,36121917158.665085,104.18920737189076,91.54635689432179
2166169.9536427422,166205.15244152467,0.04534118072053153,221415002001.8062,103.9263884564467,87.19161013946447
1997733.136394558,147707.63791929663,-0.39579804509808125,221471015354.67996,105.03888849629978,94.76961875354857
2835137.003763907,203705.77273247147,-0.0007871164705994527,383595814154.95483,104.04863626909241,92.6104684556124
2166115.6728878575,139036.8135188309,0.06722970642898662,28885289223.677395,104.77615571769203,88.79636354752127
1401566.5352338513,142797.25310505234,0.17484373366082123,40062002302.3436,105.19944125464255,85.90922867178352
2606311.9213437526,177689.67218701122,-0.06440668084749454,15457379276.315556,104.8443589267029,94.11303423928973
1242187.1814648435,114345.07153875586,0.1303588177375779,94473534375.7206,104.88437850536333,87.8327583258073
1716935.9085471798,133321.0325888132,-0.04180288768302043,123016992492.33473,105.39598328012647,91.84566513381635
2283010.4066661475,156582.79509275255,-0.17174781611491663,359891265206.4046,104.21008152887808,93.42656395508317
2354959.719037944,159294.43165530096,0.04219730249603362,35961252061.90459,104.35963209893484,89.85709061980846
2001976.0876867594,141094.14701260225,-0.2973854432807225,14105606885.919138,104.25371728994864,90.79173628357405
2128182.187091431,150929.58304078496,0.011744804433110434,191034264578.11972,104.51387072620354,91.08403022976947
1943890.7280031368,134855.32739266264,0.014495847844235438,41461815554.59787,104.66645520226972,88.28428910865566
2054108.5778534925,147367.90297068542,-0.2648414247851663,116042451920.39719,104.92046769558027,91.60804358461183
2799841.5266071404,188554.38151771147,0.005654058211137486,60938153130.48161,104.08262947237914,89.99536632745125
1718467.6900210332,148832.9630744615,0.19602004192466052,166109200531.9654,104.505987226549,88.14680105005169
1749216.1477457578,142635.16800752387,-0.10902759368909437,386414266267.69934,104.88719239090057,91.25247767235207
1680373.9483503778,126843.60381478874,-0.19842517502018142,138521686122.7045,105.03411835070807,93.99471101424017
1620537.1548498485,122965.40072650366,-0.11555630319286209,144992854699.0164,104.89670884339913,93.13022601179475
1199801.591613711,117083.72960666838,0.23978466216229768,192256193159.25272,104.3006562930854,84.4470430626954
1317172.3325167152,134280.31666654893,0.174302280144207,125443216624.97394,105.21469236772549,86.82441141657611
2015736.5483714775,145672.34597999448,-0.39235872127179683,42103565829.18766,104.17092711598428,95.0506560939977
1984993.3887860726,140764.18881916086,0.09719903254262016,56413102994.21426,104.389198991574,89.88674451221922
1726605.8237194144,146126.1656130055,0.13957441273347226,14057263546.623524,104.29262739884317,87.76232278436244
2721600.4033669233,174375.07673565915,-0.17573061729461098,66058756855.10659,104.16511984496572,95.70650188264028
2530373.769798616,169808.44211947278,-0.0340115705772904,228299795852.35938,104.07270206428979,91.7267059245445
1496771.7387902031,111151.46900957855,0.1487173744338438,221208277730.30472,104.27748149101248,88.985409254371
1553190.6853593802,119575.48363340112,0.1952878777245018,125947907430.12949,104.5848415088434,86.13595997209461
1314842.7784636805,123688.0544990761,0.24119227252495745,140407154097.6451,104.25617674613956,84.78898576337453
2112099.0230556508,154487.65675677004,-0.30375557626912236,120678915464.54451,105.25896408988088,93.99755024732906
2614425.844665981,175741.62573282892,-0.28507992882164807,40320972644.29431,104.99687853111556,96.05545557159806
1666841.089578135,137172.6356778074,0.12086698767262014,169235631414.7147,104.77377778042666,89.36087065285489
2137910.0150557435,132984.7977914567,0.042957094905483106,287244890921.17957,104.39880512582546,89.10287176884543
2099273.7368692583,148801.11678860028,-0.24182724330306266,36671310825.16717,105.14567136113894,94.23171049789846
1675975.539728055,146477.12347525754,0.19384679265428761,267715956389.7129,105.45318460308027,90.37610540785498
1626101.6158043758,127080.75238591222,-0.040496636560415106,113810673496.5034,104.33507664548566,88.17657024639205
1159013.145203643,124606.4505369595,0.20680033223137503,143957747153.30606,105.12858940224208,87.46152063023588
1870697.221629228,127383.86685207166,0.1493328513022489,113318952179.93071,104.65886627063848,86.91846970164019
2360466.721196943,164674.0435862328,0.06299431073462142,164408154858.71942,104.84740109663393,89.74393659067448
2338351.086664431,163651.8131109384,-0.15108650834750417,139456734154.80704,104.50445443016639,94.6798553163622
1634072.9163858562,130437.41073314082,-0.24147065448980487,143104027906.01614,104.49309086323518,97.05218543138605
1693330.846441809,128626.0803914501,-0.0831826886986409,356385242679.4545,103.85743299578354,91.66600897834292
1135322.6452946537,116041.03530890701,0.22002313236645166,334519590041.63574,105.2132818685553,87.10600725888102
1809706.2529624766,144725.31368575164,-0.10014260885259119,121563035397.9625,105.65927955874494,93.72412779286631
1809347.131232025,151721.4086299536,0.028343269518507547,164792302513.44257,104.50243937677956,89.16694114965748
1519005.4538452309,119643.32329284906,0.17347956138959308,33183934567.835674,105.52368129528432,88.33100090302722
2831824.0000770143,183120.85556638602,-0.2103334671194287,70113420896.49396,105.88227591762049,97.46640363537561
2052483.8650378513,149988.70126013944,-0.0032236102748013917,499288084399.2019,104.21326690875557,90.49283947528781
2110966.8801310407,157669.9281496615,0.0891968465611353,115505074623.07729,105.10540633115767,86.39809180338419
2201115.6730619036,141213.88778021964,0.012562639021197669,141749266152.40237,105.48268738190872,91.26120692578706
1484280.2355120566,148183.91476995317,0.18113322734087145,80461096664.89153,105.62660513780048,87.49191666553254
2821699.625846246,185859.98294458445,-0.05085373900505305,91330489063.47205,104.26373958171615,93.25307018059483
1578258.5030455831,122310.69095701221,0.008482648836587059,153222170395.332,104.13227339115879,85.52740702339932
1236540.6224792066,117929.28881734711,0.1705552823336298,118110968993.75475,103.81097716974239,85.68577878280627
2604244.3266884563,176788.36962269666,-0.07912319436173768,47809773511.76675,104.52741985897481,94.47883919834777
2041098.6801309113,160382.7456287889,0.025185338606544067,113546561829.66116,104.5455067595992,90.51118894319606
1861516.223146955,147930.95960414846,0.113571351033291,170692063201.30542,104.52823470279131,89.41071212354481
2322540.963402639,166209.03555975697,-0.1461821325948839,38699551385.75004,104.24212650560139,93.7767746192135
2991046.8170659943,211910.8846323253,-0.10656638300087332,146959351022.15906,103.82948684450986,94.05981192867225
2072421.6079880446,138312.96420089345,-0.05524059973922091,150403485206.96173,105.528851442294,93.56491842243122
2386133.6380001456,177675.8112613032,-0.45067732601541566,143211770177.09116,105.96402823469772,96.14988222997273
2030678.659669125,150182.80288203206,0.06954225217456148,252156281688.07306,104.67735678266015,87.92528459921999
1982838.304888272,140047.39563810293,-0.006458903895190354,257967854082.83957,104.5147674017061,90.05469199737499
2021462.451572043,145163.06489268743,-0.053087646527812615,2582987518.892077,103.98007482372904,93.12114981841604
1856442.4083646545,146361.5146990803,-0.1082476795465997,116806592214.12804,104.92777876172524,91.60129781965819
2008751.3219977506,152835.98520650924,0.11428136887323995,68609070052.67338,104.54897761023079,91.64597107968336
2305423.9583206866,162209.2750287156,0.03440858052816925,120535616864.72197,105.29324964628827,89.95300790183204
2384276.212919129,152095.05264945,-0.58401091475221,124570897522.37009,105.03824095273744,103.6376547973722
1566158.329236417,116878.5095409134,-0.03680545608793681,186556034806.34756,103.79418740198373,89.5599685962229
2363893.8304708353,162452.40893093866,-0.16560426024107386,112821198819.91827,103.72002615399875,93.27391896567406
2243409.1135570724,153922.91337832465,-0.10726933204372116,67033793420.831985,103.5772607553875,91.32577721502697
2074293.63292259,158085.41431472145,-0.022079096134392823,265918891468.32236,103.85776184394535,92.19441516552021
2006403.351100464,156744.47005787503,0.009686354694859012,304331878799.565,104.13843983995766,89.7711344777505
2407163.144578863,174538.43181038936,-0.1590151604798711,127222609140.24696,106.03634989784825,94.84270527207988
1540953.009950126,124446.28489321409,0.163914262393283,55092582699.29452,104.70250256547428,86.85575067236061
1690393.1157264484,134914.63309168347,0.1269765086966501,223581753519.44482,104.66502758823573,88.42317632198144
1710614.4548675139,138944.34996484118,-0.020964948405520656,279135488650.20245,105.23767885762075,91.50774437449843
2377509.6511210185,150159.53123338142,0.07583331513855676,173270825280.51816,104.06980123711583,89.8559821813266
3227904.5651352364,225805.94171997873,-0.06927611749944199,393585776716.27454,104.6421780237081,93.43139617507525
1002918.0035700424,98476.47224495909,0.17715974720280317,7287346592.80896,104.73945760678728,88.49407415888477
1666548.1575955995,135688.46882262043,-0.008561581383539602,115951641640.26337,104.48675207330417,88.32257495770278
1180877.8370400807,115271.25227452125,0.16023477741446102,146694603696.0868,104.71876203982906,87.08900063183492
1766064.0232062864,137462.1021777468,-0.00982000504231495,120977255793.50812,105.59849941875001,88.73072157015277
948646.1936819599,100897.10967662462,0.17820055950572694,258490265041.16766,104.95938970676572,86.20315494601523
2227677.9431211175,133429.81095213597,0.037507097676137025,31970594083.395714,104.78683338479115,88.82406368137943
2546776.227776427,180348.25518132618,-0.29147275987893273,247267555206.06674,103.89067897761228,96.21597672325994
2358347.4169089044,157202.87177231416,-0.14274555433175387,139352248053.56897,104.19508835335691,92.88971534464162
1301829.3138569812,137039.94326341033,0.22333743537172224,119566417623.02176,104.75902129709462,89.48388750370123
2405297.6664355965,164394.403092855,-0.15920061050851542,9470124252.081188,105.25437924594974,94.87406773772709
1953591.143848806,138030.10587079078,-0.014039124384314816,9044787196.814163,104.03013251111625,88.53576360456586
1628722.1057709027,141843.49792645892,0.23118715938722453,8772299361.876871,105.58863085798832,85.4531811403572
2099036.179336126,150325.56846559767,-0.2810191414011999,13503119343.279715,104.71035435920366,95.25550553189797
1709473.744382764,149402.1350438184,0.2366859259746849,121050605777.15973,105.12363821341118,85.92551074502812
2241714.1709908294,145614.02437163104,-0.0015470810863447426,361360406870.31635,105.65613641574006,92.00690139195062
2024406.408660685,147087.19488695415,-0.009357861570934961,10867471731.380575,104.8158885288416,90.31270737620657
2061293.8107239432,157079.8053218043,-0.2937011035178493,290617549726.7632,105.16484944839004,96.29048701576222
2499769.3061853,171135.20568804088,-0.3914293975057946,445067711148.50977,106.03082803020489,99.53689113809364
2236703.536038538,166137.2481136058,-0.23966893623274374,170911935095.5937,104.13714515659984,95.32660989147047
2222246.173111282,144915.90203410978,-0.19788217341345887,304861940510.79834,104.28749190634356,94.8002830973343
2157576.759299524,141537.9160927115,0.11240169225779867,198699326397.02615,104.40352785887058,89.66135461502037
2043970.4122013482,137547.62121563408,-0.45876722059647806,166628749099.0913,103.97141125697584,97.75528336948913
2242582.225199795,165507.0838087633,0.21083015724952747,122735283157.12381,105.08471021103273,87.02140464004098
1874005.989279041,123274.42910508279,-0.01874590376115426,251614356108.5095,104.71079665065929,90.62335230561236
2947319.225027546,209886.74674996076,-0.28813749226607105,249628071034.2362,104.57431021227623,97.92356370992817
2093308.0354374866,162385.38263604452,-0.23010241651663094,122063846915.47546,104.39500592541819,92.59133661572955
2251353.1178123606,156891.7058551422,0.12223226779445442,29884488562.801483,104.11266119024657,89.15645797874396
2174075.3059572047,151911.3506072394,0.0647852040464924,120223335393.01256,105.01529908841005,89.08743594881498
1543432.3235628242,110503.89721808521,-0.19984964409824668,339408539302.75256,104.53923982351273,91.2420758651993
2041071.2265956108,137090.57964392268,-0.33818063983608965,7536768790.692414,103.96010301010512,94.59530752728058
2409538.298787019,184713.80272438398,-0.1454073961270404,301437410139.7702,106.17388998206111,95.48843528147725
1980182.4526294512,150497.98303933488,0.1607936363594516,84908237895.28493,103.65356312111724,86.58941583378653
2197512.243532724,154545.50459982464,0.039051261241777435,139583842303.50494,104.84019599564348,90.89112627790105
2548058.4990686895,147220.2391240788,-0.8030279059634797,35480212087.419914,104.94820585755897,103.26152715682367
1953457.3940259388,128006.264933667,-0.05331833670826608,164933958503.92697,103.66675166448839,91.33100556807787
2107159.9367366526,155574.08763335986,0.042706420226239244,254083550310.52243,104.65333316112773,89.83300459785744
1688780.1404978894,127704.95779399431,-0.13499121170184702,118463712792.03545,103.87672522186244,91.87055573070562
2009410.1799720926,140191.3328721775,-0.02450194487553392,181110204607.95825,104.65948444112936,90.8857195348912
2094145.0963850236,162906.5644759909,0.055627955231596415,259703200043.2431,105.49428253543368,90.22606290969244
1715649.9215831722,127801.95213371667,-0.06613106048272871,144460544174.66342,103.76796901524607,87.68140997510876
2713015.277277899,168427.65696558036,-0.2809150074269711,223828072794.04825,104.21361844549361,98.52524271564347
2193365.53385982,148289.36768424214,0.020135968665391524,9869675434.13964,105.02678190874437,91.57310482830448
1570393.683002579,128097.98242925557,0.11490367969264043,65528733650.4361,104.34719490526598,89.82942165935295
1628279.6865420092,129361.2498037066,0.1816922935963346,88206357267.99744,105.03209135242562,87.66119767703137
3035808.687099638,197041.0391723716,-0.14940678136817567,383638533435.9134,104.4969516473635,95.36416140464647
1951320.3270364655,128599.6194565967,-0.42735030846290045,239524952606.40414,104.82957678905802,94.08125050199234
1567708.5224522918,117919.42354394784,0.14910809002710954,41114426343.18645,104.03389542352238,89.52877845861177
1239285.7112382913,122264.8487464745,0.23104602001826882,113209034457.18993,105.00073989108665,85.14590779376195
1367840.1204164226,133162.83637728743,0.15262296553972554,195962282281.62656,104.11504656380335,87.76180271344816
1963816.7352102767,152483.10833968723,0.1724078837866472,170001371956.6257,104.20062274866191,87.31386716066523
2050475.328333091,159166.0821741413,-0.22976255316008135,184832791688.65076,104.2458750419585,92.36185267411483
2823969.572616017,204842.52231352602,-0.1166674594863191,224964183791.85446,105.55405443991503,92.72332250699006
1281675.6041999054,131014.01227242526,0.1958596415394326,173337711724.27078,104.80997627341782,87.19490262240072
1283650.1281711766,127478.05667861487,0.20568458050683056,144389805016.7692,104.47801988875517,86.61041993252908
1150573.4299921393,117480.4179478965,0.21400515991257327,38653836874.64486,104.2549702722693,87.47449451753053
1837672.0843350142,135110.07085644518,0.19318734363310228,115039319374.28947,104.08159279570715,89.04685908201412
1875507.6796625294,147311.97828154356,-0.05721894615765838,8102162997.316306,105.36454658215585,92.36784555009945
2077740.6234683248,150682.3731282284,-0.02194717536670876,38048542423.02983,104.33232499961834,91.95007043432317
1853724.9572269302,156561.84469543662,-0.004657673585244854,249006452592.4789,104.71915802970244,91.09039630559425
2735771.479225066,164049.22216467396,-0.5801698314061154,116469566899.35083,104.63191064242609,99.10726248027937
1861620.1012228876,131404.96409658674,0.23606108112839969,9220336625.31887,104.71314498184009,85.55304862224325
2306834.372883151,148076.88996266693,-0.2174142729693587,116843236125.97365,104.42712796729857,95.8082485890057
2107410.3709679362,157296.84978565792,-0.29081010041667943,14078541512.371061,105.50910475032413,92.45983718992497
3146535.502909955,202717.62591108988,-0.811275460525299,368274826301.71173,103.809434148976,105.55084499979671
2282799.4376766016,149359.20768054953,-0.19569069440299225,64584881675.89861,103.8154312717766,96.16778654674287
1681810.1831949162,132943.0352523452,-0.0745705914259053,10917146293.922201,103.7133330899589,89.24673386506834
2665839.9486322775,202987.2374473121,-0.028189186478048744,224174407354.83533,105.90061538970633,93.04831692719092
1919010.5551842437,152618.903239814,-0.01733970114566319,87830379721.2395,105.18656566167391,90.10437970057784
1575542.8030464044,125814.71502484157,0.15918853051248974,164653374039.6167,104.87976762917259,87.53297044899341
1594336.5192726655,121545.9714101335,0.13586856011517545,123526638159.95615,104.94868543761909,92.41894452316792
2312005.2636185926,158087.83478192386,0.0437422122418234,57865606123.5457,104.58148695661252,89.72264455270398
1703690.396748236,130569.09448871014,-0.14889652549855498,40270332552.068405,104.38608036925986,94.19117432773652
2483125.326825836,167904.20712302427,0.14703105576165232,9203282938.979786,105.79162107745985,88.70476939248161
2297184.1888873796,162987.80805787857,-0.10926167559461072,283770123927.70703,104.47251447733235,91.67939672345636
1693582.027415513,148409.90111079192,-0.022639587124858557,58069410058.1614,104.30967069480153,90.30581476846655
1360899.628276926,130010.64325720674,0.16890815643261553,191247764721.61227,104.94697532796408,89.41700698245414
1358318.2347210478,142638.0632642073,0.15143385159611705,41028578208.0632,105.00209455772823,88.50465587265799
1689469.4908704595,130211.44268074041,0.10525558080394207,227695228406.256,104.48816007363885,90.42285779678937
1677948.138097438,140362.32298178505,-0.08831625629125961,28804470544.183094,104.25347499869432,92.66464284667822
2283359.6948353266,151045.64795623298,-0.12011479254719776,113317971667.09404,104.10786219007232,92.80050032080831
1694340.8396443888,137344.30906830585,0.1722661311301643,65495282727.27518,105.5788993828188,86.31668593495723
2052686.5190577563,157545.5138120417,0.11903125974035789,120249402360.29475,103.40142346609561,86.10494942083821
1919057.9011091243,163349.53840361652,-0.0036342219408381227,257105681298.60828,105.6143207202867,91.77908804795536
1556123.9374327445,166676.69376802893,0.1812710777772204,120852382522.969,103.93291304134883,87.78207514516774
2009636.2168771678,147155.7988819739,-0.32718967009331257,36121422809.81834,105.42707372079298,94.02911353047544
2252208.1923954114,177889.7639161535,-0.18528231143204774,60178472481.413864,103.99211877951508,94.32718439026215
2081604.9890474519,140744.04925804626,-0.2338797061169088,127941777651.30069,103.40436811149378,94.07178468869225
1805631.5042754172,158169.1285059809,0.03602852361653053,10451426026.691471,104.45949474657355,87.3984189073853
1849068.859561871,148803.95783620077,-0.06788117065011454,223051023272.3373,104.52222853468568,93.1658049617218
2337039.304353677,162070.50856857418,0.009765468936285465,57836340242.38396,105.64530220306202,92.10686937150768
2277092.3320296924,144937.18207625882,-0.19708966091612512,99427334687.66826,104.82507155548745,95.9297610045914
2336218.2290436057,161708.59781746275,0.028043581400812145,390739251277.7214,105.3084062108062,89.35792182639783
2410136.402232385,174409.02772194459,-0.1667268791457486,83343758795.75414,105.04128191258415,96.36285974179424
1166207.8704417082,109992.08162673793,0.18499916919709544,253195605516.42615,104.12275044099786,87.39724540185354
1632183.2209212747,135897.7182354419,0.17280360056206298,47424856868.57346,104.85284340031968,86.4342315296883
2128106.7868529554,161049.3472756194,-0.009741147251202231,55121134452.322395,105.0622227268438,91.41731008482806
1827619.8217790166,149271.77420610614,-0.057263133145439654,12047899181.581331,105.59613982144191,91.55277335741856
1143475.3381391913,110148.21123922901,0.16106483106710343,177659370629.6096,104.76332479225483,88.07088090598512
1849563.5704370227,163227.34014213987,-0.019523146550908393,249548255398.74622,104.74429066460007,92.1427726535054
2582977.6948533626,172912.99340311758,-0.22947263276838273,38431508965.24376,105.49221845591241,94.30058502631104
2569006.5990212355,173803.09296819076,-0.09762659704011054,221623702355.9278,104.75315900754774,94.76806207213495
2188532.4601984145,148345.16274138895,0.19850828476966184,342594297733.4755,104.59614842727511,87.86090800086991
2723823.436744577,182009.77007681556,-0.05668284553365624,116200399754.43669,104.61268823908208,94.01580148312743
2205669.6607005196,167097.72023775347,-0.012689909920654052,19404112132.228943,104.25502805398608,93.25567903524163
1772042.0949020209,144762.29311294772,-0.013351163235306662,148665090782.74518,104.42788317673278,87.9136440471434
1686613.5186798852,146522.44947267228,0.2036331309000471,231681438873.65598,105.56802231658891,88.21583776114066
1109796.5112736556,104732.51805194389,0.23499926269835883,234217326069.35565,104.531291265291,83.47990674352157
1281273.2832700585,122770.0734725034,0.19078379742486304,251025737723.36447,103.99148824467325,85.85436623517889
2098444.1624395787,163247.27818706987,0.1784877199266343,3798674911.590058,104.77012895394218,84.67665612517513
2383423.8829084067,167856.93079838404,-0.0870559539758482,148191466945.79697,104.64935000005545,92.9406203354068
1845116.3760945094,161855.0711586268,0.048967314610841944,137536945223.5272,104.71354518656109,88.30792568304024
1173966.0238373291,120850.44572532682,0.17605170493542383,122300659913.01283,104.18909700549031,86.698158852092
1574873.3467360511,128962.90758277859,0.21746892147870303,332810796454.03516,103.98382538227276,87.04519843349503
1999864.7822191208,137965.20432990935,-0.44499390566524955,129520646146.29094,105.52845005922873,96.22949894428346
1645775.5634417569,128429.46868433151,-0.04174600807664594,29028890224.833603,104.80851718120523,89.69870356628769
1602444.8354505321,141659.52535053334,0.23745946449511685,40190169570.3345,104.39123474912803,86.90517958517559
1830233.384238055,151134.85416712883,-0.09027563517658191,113058867967.88464,104.16219612445286,92.21598166715151
1964002.287983714,136202.2227802755,-0.05844669707941971,34353184185.217106,104.94952475776415,93.08302431164651
2552295.6716991803,178012.30361301545,-0.047405181008921604,34397124406.86301,104.26359009493872,91.83132706020726
1903653.8125274049,137520.45048407913,0.021828024725455114,42654629939.496124,105.24104117548637,90.63919305856054
2083680.5588290612,162517.98153821123,-0.031163662268847897,129459424840.79428,105.17181881818462,93.28427324731696
2242050.011347065,144252.91148076276,-0.21442624766725568,114869635130.03607,104.56870635716965,95.57122971464956
2364224.3681035107,170631.21781897199,0.052668418073927525,145609857272.5863,104.87300581849647,89.46282249817533
1956815.3278501807,145145.76821776,-0.04272927259331416,149100478284.11758,104.40848889218253,91.10260165842597
1738386.6427469556,154432.58622400393,0.2509587250301607,119246086598.78969,104.08462912880981,84.69611380330848
2475324.8305284455,183656.09435757244,0.02395701773997988,226737608143.67282,104.85987388210786,91.42921136564368
2224715.4371464094,159606.58507343457,0.0558943235770511,117767808764.51207,104.62870119428568,90.28602858802375
1841050.3134616455,154809.91708405007,-0.05390136296285594,41260379152.395,104.83329477602013,90.82085829969051
1460945.162635003,147139.39199246507,0.21137691761064537,222767179610.60635,105.01495697592175,87.31129174126697
1241936.6160253175,120358.97681762248,0.12898928016004596,37741832256.77712,104.83123303592913,87.9665978853297
2720878.8990734294,181078.4118957955,-0.034554903148271865,141216151316.38965,104.617423256372,94.740559135918
1340790.705056473,143867.16479376267,0.18577520075108983,2619880098.1120977,105.87310699721995,87.31451516950014
1931754.9186262647,125961.83426787722,-0.3944745184440425,62418721762.456955,104.98063485757788,93.13476325813167
1701881.6392083343,134408.73020161083,0.17609709005719013,44461331713.260056,105.50604434686409,86.06193576672129
1218421.7509757355,120825.68019410723,0.12950143727246768,158370163100.54318,104.96826292832554,90.12105855394854
2103252.0547213685,146662.23268848023,-0.37867351952722533,190081712299.51166,104.54691252780522,96.53949631199403
1932937.678314712,141979.5094599459,-0.0652568609473223,126760003803.86641,105.13606087410611,93.73009246863239
1895995.8739944636,121796.03392648276,-0.06418798515759624,177522407528.42157,103.38441206806297,91.32117125151905
1622390.5630741385,127780.92201720129,-0.20360467182907083,36996229711.18809,104.28072936972194,93.85964888806102
1586977.5196731947,131538.67136349482,0.22751880274215364,38690692455.24973,104.88862428484705,84.82666577788378
2550209.32062087,169559.59371627125,0.025647427211587887,141421252286.39676,103.70601711243313,91.69771019857886
1750390.115135458,146909.13770799758,-0.007558916504744662,122399760461.86884,105.77146078029715,89.3410334232699
2420948.8084481223,181283.4624694524,0.03950539590062915,249679891851.39566,104.01985948886802,91.95390353776153
1057458.837500671,101620.53603889377,0.09858533714224696,283472916706.8932,104.51270344284255,90.84557745934248
2305701.2375437412,152877.3224245814,-0.01663710050788686,189426933935.2975,104.38075462335644,93.85494525468602
1338870.277678612,135127.4173173277,0.2345336031774777,13882758905.31498,104.19893364202638,84.04505838768358
1787036.6490719696,149636.17768219637,0.058625363015505166,235410969680.6429,105.2356617262879,88.71726598036197
1712472.5604446838,130100.6022080647,-0.09025424354192735,164263327138.34976,104.07955929863765,90.3452490795038
2065066.729274512,154279.6625156231,0.03646329352996769,147909260531.852,104.48934040760086,89.65317279044993
1955355.7368414174,146064.59065850024,0.21346987719207008,14133169867.023434,105.34675115822293,88.4857077931282
2344427.9265387566,138834.39688305467,0.07933057190812817,386032790004.03577,103.95714752800475,90.07383593671936
2459698.988415152,160175.8611022571,-0.07907820218487605,263141487040.94226,104.84567894577839,92.54772456169623
2078748.6657055481,143995.71248012915,-0.2663075761473234,171358626045.93967,106.17409932851974,93.2852703551581
1650420.4727127189,132821.91862476186,0.17371731348962136,247670645078.72327,104.84683413997429,87.95055510787861
1896299.5423182745,127047.61416091456,0.1387106521823891,177042524778.2397,105.17593117806298,89.06784250305904
2328592.518074153,163166.39222144717,-0.20729194970567544,127469490737.93633,104.58779019525406,96.25855404987172
2253604.9385614353,148497.31267639314,0.03838537582285756,286487544653.77545,104.3991374721456,89.60777636299656
2601599.2244275585,195383.18985561922,-0.03743768077348564,336764722894.94965,105.20309070282693,90.10997947718033
1760682.4712802211,115815.1717389546,0.1832202845363964,66223507953.17519,105.13807980325706,87.30477694762322
2545058.1013557683,166999.8272081051,-0.30655525821981,8582450069.741457,107.14578053768892,97.20532864178608
2176517.199386755,172644.48154489734,0.04072896106948565,444656024511.5827,104.8640970448065,90.67903881863738
1746994.343822423,144551.46367382153,-0.05429727023151043,16870569198.372803,104.55984990331092,88.527084913556
2324129.035955151,160140.10375726735,-0.21634719660185522,118193056077.00142,104.70311960272188,95.39273654352176
1696029.5034442833,115716.29507113699,-0.08598826850822974,338176653374.27856,105.47284660778364,91.36401088365228
1955393.4646747785,151326.2929096974,0.2698899842455542,119896728204.86815,104.33532582448316,85.85979069900485
1509548.7359589795,124660.210664588,0.19909944511494077,55743761929.544525,103.6352578163631,86.28249328934528
2153560.641066753,166655.14400534038,0.11137807543656725,143733408294.8599,104.33154046655977,85.26166499473953
1779139.4201013464,129546.66312038359,0.29467018897254993,208174586638.39377,104.8103362617098,84.37069814678243
2569263.0078559835,172368.19883453968,0.02737570087293531,41199910177.99441,103.84585535856101,91.72922123758534
1583276.6535941032,128959.2433373284,0.22374063999423188,9923987971.933376,104.3099023161706,85.87839514558932
1413898.6355462722,133055.32087214943,0.1368714466642907,8344137994.428683,104.94043873741636,88.99613968117545
2149180.4948079344,142503.91485143377,0.029120732107995706,147740057724.57504,104.50492063852758,90.36555948151744
1629395.7359733677,125650.70372969814,-0.04057057464001154,142581091380.07437,104.02802797912199,89.09037095615963
1415193.9415608486,117189.25321688231,0.2755175059689394,59061990269.25378,105.42570479244294,84.62894522229263
2795569.81513729,183206.52421932944,-0.20865644752995535,267892302098.3378,105.17980946316013,97.81229454268282
2085880.893408498,153106.1242299252,-0.24760750540097973,61079487636.75817,105.35340690690096,92.01848283036071
2029773.5584601902,141817.64670866163,-0.24089065872990933,115649850360.25755,104.3549124321415,90.70558469622344
1691848.693087542,144564.7441203523,-0.07548171459512037,499337761887.5574,104.84980325348573,92.3617253795557
2259242.8019321747,139756.19797516815,-0.10115978085086169,4168223219.2558537,104.83666231344694,93.59797685851696
2590481.2741117044,175549.69310327448,0.08670964877054249,126609061831.05756,104.80387546657937,87.73053112177548
1261699.400009247,130022.40740899048,0.22762483890505156,144187776299.59955,104.48617874359037,86.26849816682561
1677816.0510939532,132048.3509601475,-0.1057511165175451,144640537648.68518,103.60235158833149,90.092548655918
1707910.765343742,137232.50397235813,-0.09227347672510838,6472951595.142963,104.78344389110222,90.29943604748459
2373036.1364198057,150268.22778087604,0.21254946600286614,144940380463.6784,103.24839199588658,86.40006818203695
1345549.6459011787,125594.47900037136,0.13933015247496774,12038996907.211905,105.12673672355385,89.5910543040694
1727831.7186798663,132837.4311985457,-0.1418476262542042,31784210043.072395,105.31646265029534,96.24685337624521
3208070.7517827847,201566.63825978548,-0.4805946619664536,140339437568.08057,103.41092061649466,106.24274529781236
2509758.931836476,175156.61775583716,0.10314060891554608,10776230418.493975,104.76359818627398,91.78792313988956
1285774.9184639917,122015.36453743532,0.2325588795621807,112883740448.87062,105.08123296709594,84.61760928621662
2234744.667947122,146300.90797682697,0.017274462844313138,29183601405.817623,105.08690666052361,92.38470347652186
2283931.826787559,166322.32730264333,0.10293257909890383,252181646343.91135,105.19716886701224,87.63335328421834
2287541.8197573232,167239.65351320844,-0.21365744267555342,119767691322.6212,105.14068006644985,93.43156180823914
1124578.6646081142,102966.79083393671,0.14824244778828125,173801635836.1893,104.51654314771406,89.80308772364745
1639658.2157202826,136056.9326053896,-0.054877823781566776,336411174524.9078,103.67218409734619,89.8951855042349
1431275.7852285812,103103.72471792981,-0.4015005748550908,225035949053.05728,104.38959263179981,94.15782964463378
1637441.0173264507,126235.55145841144,0.12087619905742036,364578207654.5855,104.73947351359891,89.2080597974356
2034247.4257942913,155025.4497984053,0.17286263699103202,570432129900.8186,105.32995177128123,87.59184913668818
1661437.8665242183,129976.52414994084,-0.13480770657150176,247891945657.15433,104.17134969202012,94.23508980257039
1248013.9364233199,119301.0139459667,0.18867105412499066,279120686459.91254,104.13672119956918,87.1980538956348
